,VITIS_LOOP_83_6,seq_loop_status1.csv
,VITIS_LOOP_89_7,seq_loop_status2.csv
,VITIS_LOOP_132_15,seq_loop_status3.csv
,VITIS_LOOP_131_14,seq_loop_status4.csv
,VITIS_LOOP_137_16,seq_loop_status5.csv
,VITIS_LOOP_181_23,seq_loop_status6.csv
,VITIS_LOOP_185_24,seq_loop_status7.csv
,VITIS_LOOP_210_29,seq_loop_status8.csv
,VITIS_LOOP_214_30,seq_loop_status9.csv
,VITIS_LOOP_238_35,seq_loop_status10.csv
,VITIS_LOOP_242_36,seq_loop_status11.csv
,VITIS_LOOP_249_38,seq_loop_status12.csv
,VITIS_LOOP_248_37,seq_loop_status13.csv
grp_top_kernel_Outline_VITIS_LOOP_26_1_fu_3409,VITIS_LOOP_27_2,seq_loop_status14.csv
grp_top_kernel_Outline_VITIS_LOOP_26_1_fu_3409,VITIS_LOOP_26_1,seq_loop_status15.csv
grp_top_kernel_Outline_VITIS_LOOP_66_3_fu_3420,VITIS_LOOP_66_3,seq_loop_status16.csv
grp_top_kernel_Pipeline_VITIS_LOOP_71_4_VITIS_LOOP_72_5_fu_3936,VITIS_LOOP_71_4_VITIS_LOOP_72_5,upc_loop_status1.csv
grp_top_kernel_Pipeline_VITIS_LOOP_94_8_VITIS_LOOP_95_9_fu_4710,VITIS_LOOP_94_8_VITIS_LOOP_95_9,upc_loop_status2.csv
grp_top_kernel_Pipeline_VITIS_LOOP_113_10_VITIS_LOOP_115_11_fu_4984,VITIS_LOOP_113_10_VITIS_LOOP_115_11,upc_loop_status3.csv
grp_top_kernel_Pipeline_VITIS_LOOP_153_19_VITIS_LOOP_155_20_fu_5002,VITIS_LOOP_153_19_VITIS_LOOP_155_20,upc_loop_status4.csv
grp_top_kernel_Pipeline_VITIS_LOOP_193_25_VITIS_LOOP_195_26_fu_5010,VITIS_LOOP_193_25_VITIS_LOOP_195_26,upc_loop_status5.csv
grp_top_kernel_Pipeline_VITIS_LOOP_221_31_VITIS_LOOP_223_32_fu_5018,VITIS_LOOP_221_31_VITIS_LOOP_223_32,upc_loop_status6.csv
