,VITIS_LOOP_168_4,seq_loop_status1.csv
,VITIS_LOOP_167_3,seq_loop_status2.csv
,VITIS_LOOP_164_2,seq_loop_status3.csv
,VITIS_LOOP_163_1,seq_loop_status4.csv
,VITIS_LOOP_183_8,seq_loop_status5.csv
,VITIS_LOOP_182_7,seq_loop_status6.csv
,VITIS_LOOP_179_6,seq_loop_status7.csv
,VITIS_LOOP_178_5,seq_loop_status8.csv
,VITIS_LOOP_198_12,seq_loop_status9.csv
,VITIS_LOOP_197_11,seq_loop_status10.csv
,VITIS_LOOP_194_10,seq_loop_status11.csv
,VITIS_LOOP_193_9,seq_loop_status12.csv
,VITIS_LOOP_209_14,seq_loop_status13.csv
,VITIS_LOOP_208_13,seq_loop_status14.csv
,VITIS_LOOP_217_16,seq_loop_status15.csv
,VITIS_LOOP_216_15,seq_loop_status16.csv
,VITIS_LOOP_223_17,seq_loop_status17.csv
