,VITIS_LOOP_30_3,seq_loop_status1.csv
,VITIS_LOOP_35_5,seq_loop_status2.csv
,VITIS_LOOP_34_4,seq_loop_status3.csv
,VITIS_LOOP_55_6,seq_loop_status4.csv
,VITIS_LOOP_64_8,seq_loop_status5.csv
,VITIS_LOOP_63_7,seq_loop_status6.csv
,VITIS_LOOP_88_12,seq_loop_status7.csv
,VITIS_LOOP_87_11,seq_loop_status8.csv
,VITIS_LOOP_84_10,seq_loop_status9.csv
,VITIS_LOOP_83_9,seq_loop_status10.csv
,VITIS_LOOP_108_16,seq_loop_status11.csv
,VITIS_LOOP_107_15,seq_loop_status12.csv
,VITIS_LOOP_102_14,seq_loop_status13.csv
,VITIS_LOOP_101_13,seq_loop_status14.csv
,VITIS_LOOP_134_20,seq_loop_status15.csv
,VITIS_LOOP_133_19,seq_loop_status16.csv
,VITIS_LOOP_130_18,seq_loop_status17.csv
,VITIS_LOOP_129_17,seq_loop_status18.csv
,VITIS_LOOP_150_24,seq_loop_status19.csv
,VITIS_LOOP_149_23,seq_loop_status20.csv
,VITIS_LOOP_146_22,seq_loop_status21.csv
,VITIS_LOOP_145_21,seq_loop_status22.csv
