,VITIS_LOOP_67_5,seq_loop_status1.csv
,VITIS_LOOP_66_4,seq_loop_status2.csv
,VITIS_LOOP_78_6,seq_loop_status3.csv
,VITIS_LOOP_87_8,seq_loop_status4.csv
,VITIS_LOOP_86_7,seq_loop_status5.csv
,VITIS_LOOP_115_12,seq_loop_status6.csv
,VITIS_LOOP_114_11,seq_loop_status7.csv
,VITIS_LOOP_110_10,seq_loop_status8.csv
,VITIS_LOOP_109_9,seq_loop_status9.csv
,VITIS_LOOP_151_18,seq_loop_status10.csv
,VITIS_LOOP_150_17,seq_loop_status11.csv
,VITIS_LOOP_144_16,seq_loop_status12.csv
,VITIS_LOOP_143_15,seq_loop_status13.csv
,VITIS_LOOP_188_22,seq_loop_status14.csv
,VITIS_LOOP_187_21,seq_loop_status15.csv
,VITIS_LOOP_183_20,seq_loop_status16.csv
,VITIS_LOOP_182_19,seq_loop_status17.csv
,VITIS_LOOP_205_26,seq_loop_status18.csv
,VITIS_LOOP_204_25,seq_loop_status19.csv
,VITIS_LOOP_200_24,seq_loop_status20.csv
,VITIS_LOOP_199_23,seq_loop_status21.csv
grp_top_kernel_Outline_VITIS_LOOP_17_1_fu_725,VITIS_LOOP_18_2,seq_loop_status22.csv
grp_top_kernel_Outline_VITIS_LOOP_17_1_fu_725,VITIS_LOOP_17_1,seq_loop_status23.csv
grp_top_kernel_Outline_VITIS_LOOP_61_3_fu_737,VITIS_LOOP_61_3,seq_loop_status24.csv
